{"v":"5.7.13","fr":29.9700012207031,"ip":0,"op":89.0000036250443,"w":1080,"h":1080,"nm":"Ã¬Â»Â´Ã­ÂÂ¬Ã¬Â§ÂÃ¬ÂÂ 5","ddd":0,"assets":[{"id":"comp_0","nm":"Ã¬Â»Â´Ã­ÂÂ¬Ã¬Â§ÂÃ¬ÂÂ 4","layers":[{"ddd":0,"ind":1,"ty":4,"nm":"color change object","sr":1,"ks":{"o":{"a":0,"k":100,"ix":11},"r":{"a":0,"k":0,"ix":10},"p":{"a":0,"k":[58.45,18.364,0],"ix":2,"l":2},"a":{"a":0,"k":[0,-4.375,0],"ix":1,"l":2},"s":{"a":0,"k":[40,40,100],"ix":6,"l":2}},"ao":0,"shapes":[{"ty":"gr","it":[{"ind":0,"ty":"sh","ix":1,"ks":{"a":0,"k":{"i":[[0,0],[0,0]],"o":[[0,0],[0,0]],"v":[[0.125,0.25],[-0.125,-36.5]],"c":false},"ix":2},"nm":"Ã­ÂÂ¨Ã¬ÂÂ¤ 1","mn":"ADBE Vector Shape - Group","hd":false},{"ty":"st","c":{"a":0,"k":[0.976471007104,0.207843002619,0.298038976333,1],"ix":3},"o":{"a":0,"k":100,"ix":4},"w":{"a":0,"k":4,"ix":5},"lc":2,"lj":1,"ml":4,"bm":0,"nm":"Ã¬ÂÂ  1","mn":"ADBE Vector Graphic - Stroke","hd":false},{"ty":"tr","p":{"a":0,"k":[0,0],"ix":2},"a":{"a":0,"k":[0,0],"ix":1},"s":{"a":0,"k":[122.695,98.367],"ix":3},"r":{"a":0,"k":0,"ix":6},"o":{"a":0,"k":100,"ix":7},"sk":{"a":0,"k":0,"ix":4},"sa":{"a":0,"k":0,"ix":5},"nm":"Ã«Â³ÂÃ­ÂÂ"}],"nm":"Ã«ÂªÂ¨Ã¬ÂÂ 1","np":3,"cix":2,"bm":0,"ix":1,"mn":"ADBE Vector Group","hd":false},{"ty":"tm","s":{"a":1,"k":[{"i":{"x":[0.667],"y":[1]},"o":{"x":[0.333],"y":[0]},"t":27,"s":[0]},{"t":32.6687513306255,"s":[100]}],"ix":1},"e":{"a":1,"k":[{"i":{"x":[0.667],"y":[1]},"o":{"x":[0.333],"y":[0]},"t":29.764,"s":[0]},{"t":36.0000014663101,"s":[100]}],"ix":2},"o":{"a":0,"k":0,"ix":3},"m":1,"ix":2,"nm":"Ã­ÂÂ¨Ã¬ÂÂ¤ Ã«ÂÂ¤Ã«ÂÂ¬Ã¬ÂÂ´ Ã¬ÂÂÃ«Â¥Â´ÃªÂ¸Â° 1","mn":"ADBE Vector Filter - Trim","hd":false},{"ty":"rp","c":{"a":0,"k":8,"ix":1},"o":{"a":0,"k":0,"ix":2},"m":1,"ix":3,"tr":{"ty":"tr","p":{"a":0,"k":[0,0],"ix":2},"a":{"a":0,"k":[0,21],"ix":1},"s":{"a":0,"k":[100,100],"ix":3},"r":{"a":0,"k":45,"ix":4},"so":{"a":0,"k":100,"ix":5},"eo":{"a":0,"k":100,"ix":6},"nm":"Ã«Â³ÂÃ­ÂÂ"},"nm":"Ã«Â°ÂÃ«Â³Âµ 1","mn":"ADBE Vector Filter - Repeater","hd":false}],"ip":27.0000010997325,"op":176.000007168627,"st":27.0000010997325,"bm":0},{"ddd":0,"ind":2,"ty":4,"nm":"Ã«ÂªÂ¨Ã¬ÂÂ Ã«Â ÂÃ¬ÂÂ´Ã¬ÂÂ´ 3","sr":1,"ks":{"o":{"a":0,"k":100,"ix":11},"r":{"a":1,"k":[{"i":{"x":[0.833],"y":[0.833]},"o":{"x":[0.167],"y":[0.167]},"t":0,"s":[0]},{"i":{"x":[0.833],"y":[0.833]},"o":{"x":[0.167],"y":[0.167]},"t":10,"s":[-12]},{"t":26.0000010590017,"s":[8]}],"ix":10},"p":{"a":1,"k":[{"i":{"x":0.833,"y":0.833},"o":{"x":0.333,"y":0},"t":0,"s":[59.711,102.711,0],"to":[0,-5.166,0],"ti":[21.279,22.424,0]},{"i":{"x":0.667,"y":1},"o":{"x":0.167,"y":0.167},"t":14,"s":[59.961,62.466,0],"to":[-12.171,-12.826,0],"ti":[-3,4.667,0]},{"t":26.0000010590017,"s":[59.961,31.461,0]}],"ix":2,"l":2},"a":{"a":0,"k":[0.961,-0.039,0],"ix":1,"l":2},"s":{"a":1,"k":[{"i":{"x":[0.833,0.833,0.833],"y":[0.833,0.833,0.833]},"o":{"x":[0.167,0.167,0.167],"y":[0.167,0.167,0.167]},"t":0,"s":[0,0,100]},{"i":{"x":[0.833,0.833,0.833],"y":[0.833,0.833,0.833]},"o":{"x":[0.167,0.167,0.167],"y":[0.167,0.167,0.167]},"t":10,"s":[30,30,100]},{"i":{"x":[0.833,0.833,0.833],"y":[0.833,0.833,0.833]},"o":{"x":[0.167,0.167,0.167],"y":[0.167,0.167,0.167]},"t":18,"s":[30,30,100]},{"t":26.0000010590017,"s":[0,0,100]}],"ix":6,"l":2}},"ao":0,"hasMask":true,"masksProperties":[{"inv":false,"mode":"f","pt":{"a":0,"k":{"i":[[-6.544,6.529],[-6.857,-6.235],[-6.861,-6.231],[6.544,-6.529],[0,0],[0,0]],"o":[[6.544,-6.529],[6.544,-6.529],[6.852,6.235],[0,0],[0,0],[-6.861,-6.235]],"v":[[-24.047,-18.688],[0.22,-19.221],[24.488,-19.758],[25.047,3.349],[1.344,26.989],[-23.483,4.419]],"c":true},"ix":1},"o":{"a":0,"k":100,"ix":3},"x":{"a":0,"k":0,"ix":4},"nm":"Ã«Â§ÂÃ¬ÂÂ¤Ã­ÂÂ¬ 1"}],"ef":[{"ty":21,"nm":"Ã¬Â¹Â ","np":9,"mn":"ADBE Fill","ix":1,"en":1,"ef":[{"ty":10,"nm":"Ã¬Â¹Â  Ã«Â§ÂÃ¬ÂÂ¤Ã­ÂÂ¬","mn":"ADBE Fill-0001","ix":1,"v":{"a":0,"k":0,"ix":1}},{"ty":7,"nm":"Ã«ÂªÂ¨Ã«ÂÂ  Ã«Â§ÂÃ¬ÂÂ¤Ã­ÂÂ¬","mn":"ADBE Fill-0007","ix":2,"v":{"a":0,"k":0,"ix":2}},{"ty":2,"nm":"Ã¬ÂÂÃ¬ÂÂ","mn":"ADBE Fill-0002","ix":3,"v":{"a":1,"k":[{"i":{"x":[0.833],"y":[0.833]},"o":{"x":[0.167],"y":[0.167]},"t":0,"s":[1,0.79263561964,0.100428938866,1]},{"i":{"x":[0.833],"y":[0.833]},"o":{"x":[0.167],"y":[0.167]},"t":8,"s":[0.491677045822,0.867126226425,0.673174381256,1]},{"i":{"x":[0.833],"y":[0.833]},"o":{"x":[0.167],"y":[0.167]},"t":14,"s":[0.064694941044,0.615047156811,0.930238962173,1]},{"i":{"x":[0.833],"y":[0.833]},"o":{"x":[0.167],"y":[0.167]},"t":19,"s":[0.953844964504,0.546093761921,0.690830409527,1]},{"t":26.0000010590017,"s":[0.976470589638,0.207843139768,0.298039227724,1]}],"ix":3}},{"ty":7,"nm":"Ã«Â°ÂÃ¬Â Â","mn":"ADBE Fill-0006","ix":4,"v":{"a":0,"k":0,"ix":4}},{"ty":0,"nm":"ÃªÂ°ÂÃ«Â¡Â Ã­ÂÂÃ«ÂÂ","mn":"ADBE Fill-0003","ix":5,"v":{"a":0,"k":0,"ix":5}},{"ty":0,"nm":"Ã¬ÂÂ¸Ã«Â¡Â Ã­ÂÂÃ«ÂÂ","mn":"ADBE Fill-0004","ix":6,"v":{"a":0,"k":0,"ix":6}},{"ty":0,"nm":"Ã«Â¶ÂÃ­ÂÂ¬Ã«ÂªÂÃ«ÂÂ","mn":"ADBE Fill-0005","ix":7,"v":{"a":0,"k":1,"ix":7}}]}],"shapes":[{"ty":"gr","it":[{"ty":"rc","d":1,"s":{"a":0,"k":[291.922,291.922],"ix":2},"p":{"a":0,"k":[0,0],"ix":3},"r":{"a":0,"k":0,"ix":4},"nm":"Ã¬ÂÂ¬ÃªÂ°ÂÃ­ÂÂ Ã­ÂÂ¨Ã¬ÂÂ¤ 1","mn":"ADBE Vector Shape - Rect","hd":false},{"ty":"fl","c":{"a":0,"k":[1,0.724558332855,0.18653494143,1],"ix":4},"o":{"a":0,"k":100,"ix":5},"r":1,"bm":0,"nm":"Ã¬Â¹Â  1","mn":"ADBE Vector Graphic - Fill","hd":false},{"ty":"tr","p":{"a":0,"k":[1.961,-70.039],"ix":2},"a":{"a":0,"k":[0,0],"ix":1},"s":{"a":0,"k":[100,100],"ix":3},"r":{"a":0,"k":0,"ix":6},"o":{"a":0,"k":100,"ix":7},"sk":{"a":0,"k":0,"ix":4},"sa":{"a":0,"k":0,"ix":5},"nm":"Ã«Â³ÂÃ­ÂÂ"}],"nm":"Ã¬ÂÂ¬ÃªÂ°ÂÃ­ÂÂ 1","np":3,"cix":2,"bm":0,"ix":1,"mn":"ADBE Vector Group","hd":false}],"ip":0,"op":361.000014703831,"st":-28.0000011404634,"bm":0}]}],"layers":[{"ddd":0,"ind":1,"ty":0,"nm":"Ã¬Â»Â´Ã­ÂÂ¬Ã¬Â§ÂÃ¬ÂÂ 4","refId":"comp_0","sr":1,"ks":{"o":{"a":0,"k":100,"ix":11},"r":{"a":0,"k":0,"ix":10},"p":{"a":0,"k":[540,601.339,0],"ix":2,"l":2},"a":{"a":0,"k":[60,60,0],"ix":1,"l":2},"s":{"a":0,"k":[1000,1000,100],"ix":6,"l":2}},"ao":0,"w":120,"h":120,"ip":0,"op":389.000015844295,"st":0,"bm":0}],"markers":[]}