{"assets/images/4chan.png":["assets/images/4chan.png"],"assets/images/56.png":["assets/images/56.png"],"assets/images/Thumbs.db":["assets/images/Thumbs.db"],"assets/images/bilibili.png":["assets/images/bilibili.png"],"assets/images/douyin.png":["assets/images/douyin.png"],"assets/images/error_img.png":["assets/images/error_img.png"],"assets/images/facebook.jpg":["assets/images/facebook.jpg"],"assets/images/facebook.png":["assets/images/facebook.png"],"assets/images/homeItem.jpg":["assets/images/homeItem.jpg"],"assets/images/homeItem1.jpg":["assets/images/homeItem1.jpg"],"assets/images/homeItem10.jpg":["assets/images/homeItem10.jpg"],"assets/images/homeItem2.jpg":["assets/images/homeItem2.jpg"],"assets/images/homeItem3.jpg":["assets/images/homeItem3.jpg"],"assets/images/homeItem4.jpg":["assets/images/homeItem4.jpg"],"assets/images/homeItem5.jpg":["assets/images/homeItem5.jpg"],"assets/images/homeItem6.jpg":["assets/images/homeItem6.jpg"],"assets/images/homeItem7.jpg":["assets/images/homeItem7.jpg"],"assets/images/homeItem8.png":["assets/images/homeItem8.png"],"assets/images/homeItem9.jpg":["assets/images/homeItem9.jpg"],"assets/images/kuaishou.png":["assets/images/kuaishou.png"],"assets/images/lottie1.json":["assets/images/lottie1.json"],"assets/images/lottie5.json":["assets/images/lottie5.json"],"assets/images/other.png":["assets/images/other.png"],"assets/images/porn.png":["assets/images/porn.png"],"assets/images/telegram.png":["assets/images/telegram.png"],"assets/images/test.png":["assets/images/test.png"],"assets/images/tgbg.jpeg":["assets/images/tgbg.jpeg"],"assets/images/tiktok.png":["assets/images/tiktok.png"],"assets/images/xiaohongshu.png":["assets/images/xiaohongshu.png"],"assets/images/xvideos.png":["assets/images/xvideos.png"],"assets/images/youtube.png":["assets/images/youtube.png"],"assets/ttf/文道潮黑体.ttf":["assets/ttf/文道潮黑体.ttf"],"assets/ttf/douyin.otf":["assets/ttf/douyin.otf"],"assets/ttf/douyu.otf":["assets/ttf/douyu.otf"],"assets/ttf/iconfont.ttf":["assets/ttf/iconfont.ttf"],"assets/ttf/maoken.ttf":["assets/ttf/maoken.ttf"],"packages/cupertino_icons/assets/CupertinoIcons.ttf":["packages/cupertino_icons/assets/CupertinoIcons.ttf"],"packages/getwidget/icons/dribble.png":["packages/getwidget/icons/dribble.png"],"packages/getwidget/icons/facebook.png":["packages/getwidget/icons/facebook.png"],"packages/getwidget/icons/google.png":["packages/getwidget/icons/google.png"],"packages/getwidget/icons/line.png":["packages/getwidget/icons/line.png"],"packages/getwidget/icons/linkedin.png":["packages/getwidget/icons/linkedin.png"],"packages/getwidget/icons/pinterest.png":["packages/getwidget/icons/pinterest.png"],"packages/getwidget/icons/slack.png":["packages/getwidget/icons/slack.png"],"packages/getwidget/icons/twitter.png":["packages/getwidget/icons/twitter.png"],"packages/getwidget/icons/wechat.png":["packages/getwidget/icons/wechat.png"],"packages/getwidget/icons/whatsapp.png":["packages/getwidget/icons/whatsapp.png"],"packages/getwidget/icons/youtube.png":["packages/getwidget/icons/youtube.png"],"packages/window_manager/images/ic_chrome_close.png":["packages/window_manager/images/ic_chrome_close.png"],"packages/window_manager/images/ic_chrome_maximize.png":["packages/window_manager/images/ic_chrome_maximize.png"],"packages/window_manager/images/ic_chrome_minimize.png":["packages/window_manager/images/ic_chrome_minimize.png"],"packages/window_manager/images/ic_chrome_unmaximize.png":["packages/window_manager/images/ic_chrome_unmaximize.png"]}