[{"family":"MaterialIcons","fonts":[{"asset":"fonts/MaterialIcons-Regular.otf"}]},{"family":"aliIcon","fonts":[{"asset":"assets/ttf/iconfont.ttf"}]},{"family":"douyin","fonts":[{"asset":"assets/ttf/douyin.otf"}]},{"family":"douyu","fonts":[{"asset":"assets/ttf/douyu.otf"}]},{"family":"maoken","fonts":[{"asset":"assets/ttf/maoken.ttf"}]},{"family":"wendao","fonts":[{"asset":"assets/ttf/%E6%96%87%E9%81%93%E6%BD%AE%E9%BB%91%E4%BD%93.ttf"}]},{"family":"packages/cupertino_icons/CupertinoIcons","fonts":[{"asset":"packages/cupertino_icons/assets/CupertinoIcons.ttf"}]}]